<?xml version="1.0" encoding="ISO-8859-1"?>

<propertyGroup key="example8Properties">

    <propertyGroup key="dataSources">

        <property key="defaultDataSource" value="example8Database"/>

        <propertyGroup key="datasource">
            <property key="name" value="example8Database"/>
            <property key="type" value="org.bhavaya.db.DefaultDataSource"/>
            <property key="driverName" value="org.hsqldb.jdbcDriver"/>
            <property key="dialectClass" value="org.bhavaya.db.DefaultDatabaseDialect"/>
            <property key="url" value="jdbc:hsqldb:."/>
            <property key="user" value="sa"/>
            <property key="password" value=""/>
            <property key="autoCommit" value="true"/>
            <property key="transactionIsolation" value="DEFAULT"/>
        </propertyGroup>


    </propertyGroup>

    <property key="schema" value="schema8.xml"/>

</propertyGroup>