<?xml version="1.0" encoding="ISO-8859-1"?>

<schema>

    <type name="Instrument"
        generatedClass="generatedBeans.Instrument"
        generate="true"
        beanFactoryType="org.bhavaya.db.SqlBeanFactory"
        defaultDataSource="example8Database"
        sql="SELECT INSTRUMENT.* FROM INSTRUMENT"
        dataVolatility="HIGH"
        dataQuantity="HIGH">

        <property name="instrumentId" type="int" column="INSTRUMENT_ID"/>
        <property name="description" type="java.lang.String" column="DESCRIPTION"/>
        <property name="valid" type="java.lang.String" column="VALID"/>
        <property name="price" type="double" column="PRICE"/>

        <foreignKeyProperty name="currency"
            type="Currency"
            cardinality="ONE"
            lazy="true">
            <column name="CURRENCY"/>
        </foreignKeyProperty>

        <constructorProperty name="instrumentQuantity" type="Quantity">
            <defaultValue value="5" type="int"/>
            <column name="PRICE" source="instrumentQuantity.price" type="double"/>
            <property name="currency.code" type="java.lang.String"/>
            <defaultValue value="T" type="java.util.Date"/>
        </constructorProperty>

        <subClassMappings>
            <table name="INSTRUMENT" default="true">
                <subClassMapping name="Bond">
                    <criterion leftOperand="INSTRUMENT_TYPE_ID" rightOperand="0" operator="="/>
                </subClassMapping>
            </table>
        </subClassMappings>

        <primaryKey>
            <column name="INSTRUMENT_ID" tableName="INSTRUMENT" idFactory="org.bhavaya.db.IncrementMaxValueIdFactory"/>
        </primaryKey>

    </type>

    <type name="Currency"
        generatedClass="generatedBeans.Currency"
        generate="true"
        beanFactoryType="org.bhavaya.db.SqlBeanFactory"
        defaultDataSource="example8Database"
        sql="SELECT CURRENCY.* FROM CURRENCY"
        dataVolatility="LOW"
        dataQuantity="LOW">

        <property name="code" type="java.lang.String" column="CODE"/>

        <primaryKey>
            <column name="CODE" tableName="CURRENCY"/>
        </primaryKey>
    </type>

    <type name="Bond"
        generatedClass="generatedBeans.Bond"
        superType="Instrument"
        generate="true"
        beanFactoryType="org.bhavaya.db.SqlBeanFactory"
        defaultDataSource="example8Database"
        sql="SELECT INSTRUMENT.*, BOND.* FROM INSTRUMENT, BOND WHERE BOND.INSTRUMENT_ID = INSTRUMENT.INSTRUMENT_ID"
        dataVolatility="HIGH"
        dataQuantity="HIGH">

        <property name="maturityDate" type="java.util.Date" column="MATURITYDATE"/>
        <property name="parAmount" type="double" column="PARAMOUNT"/>
        <property name="coupon" type="double" column="COUPON"/>

    </type>

    <type name="Trade"
        generatedClass="generatedBeans.Trade"
        generate="true"
        beanFactoryType="org.bhavaya.db.SqlBeanFactory"
        defaultDataSource="example8Database"
        sql="SELECT TRADE.* FROM TRADE"
        dataVolatility="HIGH"
        dataQuantity="HIGH">

        <property name="tradeId" type="int" column="TRADE_ID"/>
        <property name="version" type="int" column="VERSION"/>
        <property name="tradeDate" type="java.util.Date" column="TRADE_DATE"/>
        <property name="comments" type="java.lang.String" column="COMMENTS"/>
        <property name="quantity" type="double" column="QUANTITY"/>
        <property name="price" type="double" column="PRICE"/>

         <foreignKeyProperty name="instrument"
             type="Instrument"
             cardinality="ONE"
             lazy="true">
             <column name="INSTRUMENT_ID"/>
         </foreignKeyProperty>

         <foreignKeyProperty name="tradeType"
             type="TradeType"
             cardinality="ONE"
             lazy="true">
             <column name="TRADE_TYPE_ID"/>
         </foreignKeyProperty>

         <primaryKey>
             <column name="TRADE_ID" tableName="TRADE" idFactory="org.bhavaya.db.IncrementMaxValueIdFactory"/>
             <column name="VERSION" tableName="TRADE"/>
         </primaryKey>

    </type>

    <type name="TradeType"
        generatedClass="generatedBeans.TradeType"
        generate="true"
        beanFactoryType="org.bhavaya.db.SqlBeanFactory"
        defaultDataSource="example8Database"
        sql="SELECT TRADE_TYPE.* FROM TRADE_TYPE"
        dataVolatility="LOW"
        dataQuantity="LOW">

        <property name="typeName" type="java.lang.String" column="NAME"/>

        <primaryKey>
            <column name="TRADE_TYPE_ID" tableName="TRADE_TYPE"/>
        </primaryKey>
    </type>

 </schema>