<?xml version='1.0' encoding='ISO-8859-1' ?>
<!DOCTYPE log4j:configuration SYSTEM "log4j.dtd">

<log4j:configuration>

    <!--
        DON'T set up logging to go to the std output as the output and error streams are redirected to the application
        running the player. This would cause unecessary communication between application and player.
    -->
    <appender name="standardLogFile" class="org.apache.log4j.RollingFileAppender">
        <param name="MaxFileSize" value="10Mb"/>
        <param name="MaxBackupIndex" value="2"/>
        <param name="file" value="${logDirectory}/player.log"/>
        <layout class="org.apache.log4j.PatternLayout">
            <param name="ConversionPattern" value="%d{ISO8601} - %-5p - %-20t - %-23.23c{1} - %m%n"/>
        </layout>
    </appender>

    <root>
        <priority value="INFO"/>
        <appender-ref ref="standardLogFile"/>
    </root>

</log4j:configuration>
