<?xml version="1.0" encoding="UTF-8"?>
<templateSet group="bhavaya">
  <template name="bhavaya.displayName" value="@bhavaya.property displayName=&quot;$displayName$&quot;" description="Generates xdoclet bhavaya.property tag" toReformat="false" toShortenFQNames="true">
    <variable name="displayName" expression="" defaultValue="" alwaysStopAt="true" />
    <context>
      <option name="JAVA_CODE" value="false" />
      <option name="JAVA_COMMENT" value="true" />
      <option name="JAVA_STRING" value="false" />
      <option name="XML" value="false" />
      <option name="HTML" value="false" />
      <option name="JSP" value="false" />
      <option name="COMPLETION" value="false" />
      <option name="OTHER" value="false" />
    </context>
  </template>
  <template name="bhavaya.hidden" value="@bhavaya.property hidden=&quot;true&quot;" description="Generates xdoclet bhavaya.property tag" toReformat="false" toShortenFQNames="true">
    <context>
      <option name="JAVA_CODE" value="false" />
      <option name="JAVA_COMMENT" value="true" />
      <option name="JAVA_STRING" value="false" />
      <option name="XML" value="false" />
      <option name="HTML" value="false" />
      <option name="JSP" value="false" />
      <option name="COMPLETION" value="false" />
      <option name="OTHER" value="false" />
    </context>
  </template>
  <template name="bhavaya.property" value="@bhavaya.property&#10;*      displayName=&quot;$displayName$&quot;&#10;*      hidden=&quot;true&quot;" description="Generates xdoclet bhavaya.property tag" toReformat="false" toShortenFQNames="true">
    <variable name="displayName" expression="" defaultValue="" alwaysStopAt="true" />
    <context>
      <option name="JAVA_CODE" value="false" />
      <option name="JAVA_COMMENT" value="true" />
      <option name="JAVA_STRING" value="false" />
      <option name="XML" value="false" />
      <option name="HTML" value="false" />
      <option name="JSP" value="false" />
      <option name="COMPLETION" value="false" />
      <option name="OTHER" value="false" />
    </context>
  </template>
  <template name="bhavaya.validPropertyTypes" value="@bhavaya.validPropertyTypes $type1$" description="Generates xdoclet bhavaya.validPropertyTypes tag" toReformat="false" toShortenFQNames="true">
    <variable name="type1" expression="rightSideType()" defaultValue="&quot;type&quot;" alwaysStopAt="true" />
    <context>
      <option name="JAVA_CODE" value="false" />
      <option name="JAVA_COMMENT" value="true" />
      <option name="JAVA_STRING" value="false" />
      <option name="XML" value="false" />
      <option name="HTML" value="false" />
      <option name="JSP" value="false" />
      <option name="COMPLETION" value="false" />
      <option name="OTHER" value="false" />
    </context>
  </template>
  <template name="log" value="private static final org.bhavaya.util.Log log = org.bhavaya.util.Log.getCategory($CLASS_TYPE$.class);" description="Defines logger instance" toReformat="true" toShortenFQNames="true">
        <variable name="CLASS_TYPE" expression="className()" defaultValue="" alwaysStopAt="false" />
        <context>
          <option name="JAVA_CODE" value="true" />
          <option name="JAVA_COMMENT" value="false" />
          <option name="JAVA_STRING" value="false" />
          <option name="XML" value="false" />
          <option name="HTML" value="false" />
          <option name="JSP" value="false" />
          <option name="COMPLETION" value="true" />
          <option name="OTHER" value="false" />
        </context>
      </template>    
</templateSet>

