<?xml version="1.0" encoding="UTF-8"?>
<templateSet group="user">
  <template name="getset" value="public $TYPE_COPY$ get$VARIABLE$() {&#10;    return $DECAP_VARIABLE$;&#10;}&#10;&#10;public void  set$VARIABLE$($TYPE_COPY$ $DECAP_VARIABLE$) {&#10;    $TYPE$ oldValue = this.$DECAP_VARIABLE$;&#10;    this.$DECAP_VARIABLE$ = $DECAP_VARIABLE$;&#10;    firePropertyChange(&quot;$DECAP_VARIABLE$&quot;, oldValue, this.$DECAP_VARIABLE$);$END$&#10;}&#10;" description="Generates a bean getter and setter with property change event." toReformat="true" toShortenFQNames="true">
    <variable name="DECAP_VARIABLE" expression="suggestVariableName()" defaultValue="&quot;variable&quot;" alwaysStopAt="true" />
    <variable name="VARIABLE" expression="capitalize(DECAP_VARIABLE)" defaultValue="" alwaysStopAt="false" />
    <variable name="TYPE" expression="rightSideType()" defaultValue="&quot;type&quot;" alwaysStopAt="false" />
    <variable name="TYPE_COPY" expression="TYPE" defaultValue="" alwaysStopAt="false" />
    <context>
      <option name="JAVA_CODE" value="true" />
      <option name="JAVA_COMMENT" value="false" />
      <option name="JAVA_STRING" value="false" />
      <option name="XML" value="false" />
      <option name="HTML" value="false" />
      <option name="JSP" value="false" />
      <option name="COMPLETION" value="false" />
      <option name="OTHER" value="false" />
    </context>
  </template>
  <template name="set" value="public void  set$VARIABLE$($TYPE_COPY$ $DECAP_VARIABLE$) {&#10;    $TYPE$ oldValue = this.$DECAP_VARIABLE$;&#10;    this.$DECAP_VARIABLE$ = $DECAP_VARIABLE$;&#10;    firePropertyChange(&quot;$DECAP_VARIABLE$&quot;, oldValue, this.$DECAP_VARIABLE$);$END$&#10;}&#10;" description="Generates a bean setter with property change event." toReformat="true" toShortenFQNames="true">
    <variable name="VARIABLE" expression="suggestVariableName()" defaultValue="&quot;variable&quot;" alwaysStopAt="true" />
    <variable name="DECAP_VARIABLE" expression="decapitalize(VARIABLE)" defaultValue="" alwaysStopAt="false" />
    <variable name="TYPE" expression="rightSideType()" defaultValue="&quot;type&quot;" alwaysStopAt="false" />
    <variable name="TYPE_COPY" expression="TYPE" defaultValue="" alwaysStopAt="false" />
    <context>
      <option name="JAVA_CODE" value="true" />
      <option name="JAVA_COMMENT" value="false" />
      <option name="JAVA_STRING" value="false" />
      <option name="XML" value="false" />
      <option name="HTML" value="false" />
      <option name="JSP" value="false" />
      <option name="COMPLETION" value="false" />
      <option name="OTHER" value="false" />
    </context>
  </template>
</templateSet>

