<?xml version="1.0" encoding="ISO-8859-1"?>

<schema>

    <type name="Instrument"
        generatedClass="generatedBeans.Instrument"
        generate="true"
        beanFactoryType="org.bhavaya.db.SqlBeanFactory"
        defaultDataSource="example9Database"
        sql="SELECT INSTRUMENT.* FROM INSTRUMENT"
        dataVolatility="HIGH"
        dataQuantity="HIGH">

        <property name="instrumentId" type="int" column="INSTRUMENT_ID"/>
        <property name="description" type="java.lang.String" column="DESCRIPTION"/>
        <property name="valid" type="java.lang.String" column="VALID"/>
        <property name="price" type="double" column="PRICE"/>

        <foreignKeyProperty name="currency"
            type="Currency"
            cardinality="ONE"
            lazy="true">
            <column name="CURRENCY"/>
        </foreignKeyProperty>

        <constructorProperty name="instrumentQuantity" type="Quantity">
            <defaultValue value="5" type="int"/>
            <column name="PRICE" source="instrumentQuantity.price" type="double"/>
            <property name="currency.code" type="java.lang.String"/>
            <defaultValue value="T" type="java.util.Date"/>
        </constructorProperty>

        <primaryKey>
            <column name="INSTRUMENT_ID" tableName="INSTRUMENT" idFactory="org.bhavaya.db.IncrementMaxValueIdFactory"/>
        </primaryKey>

    </type>

    <type name="Currency"
        generatedClass="generatedBeans.Currency"
        generate="true"
        beanFactoryType="org.bhavaya.db.SqlBeanFactory"
        defaultDataSource="example9Database"
        sql="SELECT CURRENCY.* FROM CURRENCY"
        dataVolatility="LOW"
        dataQuantity="LOW">

        <property name="code" type="java.lang.String" column="CODE"/>

        <primaryKey>
            <column name="CODE" tableName="CURRENCY"/>
        </primaryKey>
    </type>

 </schema>